<?xml version="1.0" encoding="UTF-8"?>
<project-private xmlns="http://www.netbeans.org/ns/project-private/1">
    <editor-bookmarks xmlns="http://www.netbeans.org/ns/editor-bookmarks/2" lastBookmarkId="0"/>
    <open-files xmlns="http://www.netbeans.org/ns/projectui-open-files/2">
        <group>
            <file>file:/C:/Users/Vivek%20Singh/OneDrive/Documents/NetBeansProjects/My_project/web/admi.html</file>
            <file>file:/C:/Users/Vivek%20Singh/OneDrive/Documents/NetBeansProjects/My_project/web/package.html</file>
            <file>file:/C:/Users/Vivek%20Singh/OneDrive/Documents/NetBeansProjects/My_project/web/admin.jsp</file>
            <file>file:/C:/Users/Vivek%20Singh/OneDrive/Documents/NetBeansProjects/My_project/src/java/p1/email.java</file>
            <file>file:/C:/Users/Vivek%20Singh/OneDrive/Documents/NetBeansProjects/My_project/src/java/teach.java</file>
            <file>file:/C:/Users/Vivek%20Singh/OneDrive/Documents/NetBeansProjects/My_project/src/java/p1/SendMail.java</file>
            <file>file:/C:/Users/Vivek%20Singh/OneDrive/Documents/NetBeansProjects/My_project/web/stud.jsp</file>
            <file>file:/C:/Users/Vivek%20Singh/OneDrive/Documents/NetBeansProjects/My_project/web/princ.jsp</file>
            <file>file:/C:/Users/Vivek%20Singh/OneDrive/Documents/NetBeansProjects/My_project/web/teach.jsp</file>
            <file>file:/C:/Users/Vivek%20Singh/OneDrive/Documents/NetBeansProjects/My_project/web/Principal.jsp</file>
            <file>file:/C:/Users/Vivek%20Singh/OneDrive/Documents/NetBeansProjects/My_project/web/te.jsp</file>
            <file>file:/C:/Users/Vivek%20Singh/OneDrive/Documents/NetBeansProjects/My_project/web/stshow.jsp</file>
            <file>file:/C:/Users/Vivek%20Singh/OneDrive/Documents/NetBeansProjects/My_project/web/style.css</file>
            <file>file:/C:/Users/Vivek%20Singh/OneDrive/Documents/NetBeansProjects/My_project/web/tin.jsp</file>
            <file>file:/C:/Users/Vivek%20Singh/OneDrive/Documents/NetBeansProjects/My_project/web/sde.jsp</file>
            <file>file:/C:/Users/Vivek%20Singh/OneDrive/Documents/NetBeansProjects/My_project/web/index.html</file>
            <file>file:/C:/Users/Vivek%20Singh/OneDrive/Documents/NetBeansProjects/My_project/web/sshow.jsp</file>
            <file>file:/C:/Users/Vivek%20Singh/OneDrive/Documents/NetBeansProjects/My_project/web/Teacher.jsp</file>
            <file>file:/C:/Users/Vivek%20Singh/OneDrive/Documents/NetBeansProjects/My_project/web/tde.jsp</file>
            <file>file:/C:/Users/Vivek%20Singh/OneDrive/Documents/NetBeansProjects/My_project/web/office.html</file>
            <file>file:/C:/Users/Vivek%20Singh/OneDrive/Documents/NetBeansProjects/My_project/web/Welcome.html</file>
            <file>file:/C:/Users/Vivek%20Singh/OneDrive/Documents/NetBeansProjects/My_project/src/java/prina.java</file>
            <file>file:/C:/Users/Vivek%20Singh/OneDrive/Documents/NetBeansProjects/My_project/web/tshow.jsp</file>
        </group>
    </open-files>
</project-private>
